source_sector,target_sector,source_variable,target_variable,lag,n_obs,f_stat,p_value,df_denom,df_num,status,error_message
Banking,RealEstate,sent_Banking,sent_RealEstate,1,257,1.426745549875994,0.23341491734285194,253.0,1,ok,
Banking,RealEstate,sent_Banking,sent_RealEstate,2,257,0.8819782670004968,0.4152471957535631,250.0,2,ok,
Banking,RealEstate,sent_Banking,sent_RealEstate,3,257,0.8785403771850481,0.45278409256875374,247.0,3,ok,
Banking,RealEstate,sent_Banking,sent_RealEstate,4,257,0.706794546624784,0.5879705284598298,244.0,4,ok,
Banking,RealEstate,sent_Banking,sent_RealEstate,5,257,0.5860204840702063,0.7107001350156947,241.0,5,ok,
Banking,SteelMaterials,sent_Banking,sent_SteelMaterials,1,257,0.3168029754911518,0.5740337281658946,253.0,1,ok,
Banking,SteelMaterials,sent_Banking,sent_SteelMaterials,2,257,0.25100856789518466,0.7782115445772056,250.0,2,ok,
Banking,SteelMaterials,sent_Banking,sent_SteelMaterials,3,257,0.23510708329936134,0.8718532260166292,247.0,3,ok,
Banking,SteelMaterials,sent_Banking,sent_SteelMaterials,4,257,0.3549058030760323,0.84048535026724,244.0,4,ok,
Banking,SteelMaterials,sent_Banking,sent_SteelMaterials,5,257,0.30378377028565884,0.9103363829400218,241.0,5,ok,
Banking,Technology,sent_Banking,sent_Technology,1,257,0.29978650541494584,0.5844989757068926,253.0,1,ok,
Banking,Technology,sent_Banking,sent_Technology,2,257,0.3569493222695845,0.7001640325611912,250.0,2,ok,
Banking,Technology,sent_Banking,sent_Technology,3,257,0.9188498212772253,0.43232995533061436,247.0,3,ok,
Banking,Technology,sent_Banking,sent_Technology,4,257,0.8948010696802512,0.46765609637972483,244.0,4,ok,
Banking,Technology,sent_Banking,sent_Technology,5,257,0.7661366131521817,0.5750054558085775,241.0,5,ok,
Banking,ConsumerStaples,sent_Banking,sent_ConsumerStaples,1,257,1.3277209173708846,0.25029868330075017,253.0,1,ok,
Banking,ConsumerStaples,sent_Banking,sent_ConsumerStaples,2,257,1.3220740875425778,0.268439027136448,250.0,2,ok,
Banking,ConsumerStaples,sent_Banking,sent_ConsumerStaples,3,257,1.3877918016534452,0.2470447096158274,247.0,3,ok,
Banking,ConsumerStaples,sent_Banking,sent_ConsumerStaples,4,257,1.1456197228594176,0.33566494048857803,244.0,4,ok,
Banking,ConsumerStaples,sent_Banking,sent_ConsumerStaples,5,257,1.2393067730364415,0.2913228960490736,241.0,5,ok,
Banking,ConsumerDiscretionary,sent_Banking,sent_ConsumerDiscretionary,1,257,0.07106101607896295,0.7900152963301219,253.0,1,ok,
Banking,ConsumerDiscretionary,sent_Banking,sent_ConsumerDiscretionary,2,257,0.22629023180920255,0.7976497803533534,250.0,2,ok,
Banking,ConsumerDiscretionary,sent_Banking,sent_ConsumerDiscretionary,3,257,0.2175983531985063,0.8841406673719934,247.0,3,ok,
Banking,ConsumerDiscretionary,sent_Banking,sent_ConsumerDiscretionary,4,257,0.7825833889320088,0.5374351576703316,244.0,4,ok,
Banking,ConsumerDiscretionary,sent_Banking,sent_ConsumerDiscretionary,5,257,0.7894775789780295,0.5581318526883188,241.0,5,ok,
Banking,Energy,sent_Banking,sent_Energy,1,257,0.9481953335420789,0.3311091670594507,253.0,1,ok,
Banking,Energy,sent_Banking,sent_Energy,2,257,0.8207135382856116,0.44129972277032997,250.0,2,ok,
Banking,Energy,sent_Banking,sent_Energy,3,257,1.988311983156922,0.11627735254569735,247.0,3,ok,
Banking,Energy,sent_Banking,sent_Energy,4,257,1.497532956259983,0.20352637742966212,244.0,4,ok,
Banking,Energy,sent_Banking,sent_Energy,5,257,1.2101857029175322,0.3049323102705605,241.0,5,ok,
Banking,IndustrialLogistics,sent_Banking,sent_IndustrialLogistics,1,257,0.7043016618323372,0.4021343056327579,253.0,1,ok,
Banking,IndustrialLogistics,sent_Banking,sent_IndustrialLogistics,2,257,1.5024690871388087,0.2245827273302714,250.0,2,ok,
Banking,IndustrialLogistics,sent_Banking,sent_IndustrialLogistics,3,257,0.9766853542587822,0.40433159403127117,247.0,3,ok,
Banking,IndustrialLogistics,sent_Banking,sent_IndustrialLogistics,4,257,1.1497322950886333,0.3337780309114883,244.0,4,ok,
Banking,IndustrialLogistics,sent_Banking,sent_IndustrialLogistics,5,257,1.127499248265116,0.3463443928205102,241.0,5,ok,
Banking,Healthcare,sent_Banking,sent_Healthcare,1,257,1.1674391701725289,0.28095693534496713,253.0,1,ok,
Banking,Healthcare,sent_Banking,sent_Healthcare,2,257,0.6277440884702089,0.534633883984009,250.0,2,ok,
Banking,Healthcare,sent_Banking,sent_Healthcare,3,257,0.7653334457731914,0.5144374904875969,247.0,3,ok,
Banking,Healthcare,sent_Banking,sent_Healthcare,4,257,0.4614314127570628,0.7640023055666894,244.0,4,ok,
Banking,Healthcare,sent_Banking,sent_Healthcare,5,257,1.8696653252761222,0.10029580836849945,241.0,5,ok,
Banking,Utilities,sent_Banking,sent_Utilities,1,257,0.7734333433648646,0.37999154998159296,253.0,1,ok,
Banking,Utilities,sent_Banking,sent_Utilities,2,257,0.5219552092543497,0.5940044402824398,250.0,2,ok,
Banking,Utilities,sent_Banking,sent_Utilities,3,257,1.3779497421424136,0.25004495660524034,247.0,3,ok,
Banking,Utilities,sent_Banking,sent_Utilities,4,257,0.9378796208692692,0.4425974787967085,244.0,4,ok,
Banking,Utilities,sent_Banking,sent_Utilities,5,257,1.561168661776433,0.17177701741625567,241.0,5,ok,
RealEstate,Banking,sent_RealEstate,sent_Banking,1,257,1.2141119663264919,0.27156639819120043,253.0,1,ok,
RealEstate,Banking,sent_RealEstate,sent_Banking,2,257,0.33801480334692435,0.7135101549832102,250.0,2,ok,
RealEstate,Banking,sent_RealEstate,sent_Banking,3,257,0.22967104960977758,0.8756839561086485,247.0,3,ok,
RealEstate,Banking,sent_RealEstate,sent_Banking,4,257,0.38369279060627476,0.8202069962326246,244.0,4,ok,
RealEstate,Banking,sent_RealEstate,sent_Banking,5,257,0.4315337900938654,0.8263922594810054,241.0,5,ok,
RealEstate,SteelMaterials,sent_RealEstate,sent_SteelMaterials,1,257,2.489316997828712,0.11587094637769689,253.0,1,ok,
RealEstate,SteelMaterials,sent_RealEstate,sent_SteelMaterials,2,257,1.6314152044348413,0.197728406364632,250.0,2,ok,
RealEstate,SteelMaterials,sent_RealEstate,sent_SteelMaterials,3,257,1.675964966151845,0.17271863150756497,247.0,3,ok,
RealEstate,SteelMaterials,sent_RealEstate,sent_SteelMaterials,4,257,3.0068216138895756,0.018998736378772908,244.0,4,ok,
RealEstate,SteelMaterials,sent_RealEstate,sent_SteelMaterials,5,257,2.5410947883068977,0.029018445408010064,241.0,5,ok,
RealEstate,Technology,sent_RealEstate,sent_Technology,1,257,1.7924729085832332,0.1818268750083671,253.0,1,ok,
RealEstate,Technology,sent_RealEstate,sent_Technology,2,257,2.2168592642112213,0.11108820253546695,250.0,2,ok,
RealEstate,Technology,sent_RealEstate,sent_Technology,3,257,1.517492034499955,0.21050144636120915,247.0,3,ok,
RealEstate,Technology,sent_RealEstate,sent_Technology,4,257,1.1198554275079435,0.3476853051248603,244.0,4,ok,
RealEstate,Technology,sent_RealEstate,sent_Technology,5,257,1.2146467739520321,0.30281493479241495,241.0,5,ok,
RealEstate,ConsumerStaples,sent_RealEstate,sent_ConsumerStaples,1,257,0.9433355029690041,0.33234914327236603,253.0,1,ok,
RealEstate,ConsumerStaples,sent_RealEstate,sent_ConsumerStaples,2,257,1.629186291601197,0.19816393065737878,250.0,2,ok,
RealEstate,ConsumerStaples,sent_RealEstate,sent_ConsumerStaples,3,257,1.227350214461685,0.30032008296269963,247.0,3,ok,
RealEstate,ConsumerStaples,sent_RealEstate,sent_ConsumerStaples,4,257,0.898018904442668,0.46575038093032084,244.0,4,ok,
RealEstate,ConsumerStaples,sent_RealEstate,sent_ConsumerStaples,5,257,1.2640454846738483,0.2801522445978041,241.0,5,ok,
RealEstate,ConsumerDiscretionary,sent_RealEstate,sent_ConsumerDiscretionary,1,257,0.9632831038639984,0.32729869324645033,253.0,1,ok,
RealEstate,ConsumerDiscretionary,sent_RealEstate,sent_ConsumerDiscretionary,2,257,0.781249707617759,0.4589479710111945,250.0,2,ok,
RealEstate,ConsumerDiscretionary,sent_RealEstate,sent_ConsumerDiscretionary,3,257,0.5541351654253233,0.645822097867101,247.0,3,ok,
RealEstate,ConsumerDiscretionary,sent_RealEstate,sent_ConsumerDiscretionary,4,257,0.45779732962389985,0.7666578472113559,244.0,4,ok,
RealEstate,ConsumerDiscretionary,sent_RealEstate,sent_ConsumerDiscretionary,5,257,0.4095378488951814,0.8419474262652344,241.0,5,ok,
RealEstate,Energy,sent_RealEstate,sent_Energy,1,257,0.12716577551415476,0.7216861731107815,253.0,1,ok,
RealEstate,Energy,sent_RealEstate,sent_Energy,2,257,1.7918090430201745,0.16879199089936078,250.0,2,ok,
RealEstate,Energy,sent_RealEstate,sent_Energy,3,257,0.961330275683162,0.4116116742054181,247.0,3,ok,
RealEstate,Energy,sent_RealEstate,sent_Energy,4,257,1.7799033264995507,0.1334588387714065,244.0,4,ok,
RealEstate,Energy,sent_RealEstate,sent_Energy,5,257,1.6753458016663005,0.14119132040055776,241.0,5,ok,
RealEstate,IndustrialLogistics,sent_RealEstate,sent_IndustrialLogistics,1,257,3.0853999794344906,0.08020763701289159,253.0,1,ok,
RealEstate,IndustrialLogistics,sent_RealEstate,sent_IndustrialLogistics,2,257,2.3468338002676408,0.09777609070258612,250.0,2,ok,
RealEstate,IndustrialLogistics,sent_RealEstate,sent_IndustrialLogistics,3,257,2.4869751085435414,0.06112295456982171,247.0,3,ok,
RealEstate,IndustrialLogistics,sent_RealEstate,sent_IndustrialLogistics,4,257,2.2686891970784826,0.06245312177161482,244.0,4,ok,
RealEstate,IndustrialLogistics,sent_RealEstate,sent_IndustrialLogistics,5,257,2.1211136658305483,0.06361188528043499,241.0,5,ok,
RealEstate,Healthcare,sent_RealEstate,sent_Healthcare,1,257,1.2731575834424442,0.2602439880057015,253.0,1,ok,
RealEstate,Healthcare,sent_RealEstate,sent_Healthcare,2,257,0.5736318787365883,0.5642151223590569,250.0,2,ok,
RealEstate,Healthcare,sent_RealEstate,sent_Healthcare,3,257,2.47558290416717,0.062034930695022854,247.0,3,ok,
RealEstate,Healthcare,sent_RealEstate,sent_Healthcare,4,257,1.8011512068671185,0.12921319699360656,244.0,4,ok,
RealEstate,Healthcare,sent_RealEstate,sent_Healthcare,5,257,1.4871568770349954,0.194629259002387,241.0,5,ok,
RealEstate,Utilities,sent_RealEstate,sent_Utilities,1,257,0.13122098983536695,0.7174718141891223,253.0,1,ok,
RealEstate,Utilities,sent_RealEstate,sent_Utilities,2,257,0.11471953845913713,0.8916630821423459,250.0,2,ok,
RealEstate,Utilities,sent_RealEstate,sent_Utilities,3,257,0.054230941016776654,0.983333735104258,247.0,3,ok,
RealEstate,Utilities,sent_RealEstate,sent_Utilities,4,257,0.2002641809427869,0.9380434440371982,244.0,4,ok,
RealEstate,Utilities,sent_RealEstate,sent_Utilities,5,257,0.2128901798777727,0.9568365764018932,241.0,5,ok,
SteelMaterials,Banking,sent_SteelMaterials,sent_Banking,1,257,1.0642231978807342,0.30323909143548333,253.0,1,ok,
SteelMaterials,Banking,sent_SteelMaterials,sent_Banking,2,257,0.7449608479517866,0.47580376799416046,250.0,2,ok,
SteelMaterials,Banking,sent_SteelMaterials,sent_Banking,3,257,0.5753724554618074,0.6317024148607016,247.0,3,ok,
SteelMaterials,Banking,sent_SteelMaterials,sent_Banking,4,257,1.0568815723657206,0.37853106192010777,244.0,4,ok,
SteelMaterials,Banking,sent_SteelMaterials,sent_Banking,5,257,0.9235198691280043,0.46631717842495,241.0,5,ok,
SteelMaterials,RealEstate,sent_SteelMaterials,sent_RealEstate,1,257,0.004019067645697156,0.9495011374437213,253.0,1,ok,
SteelMaterials,RealEstate,sent_SteelMaterials,sent_RealEstate,2,257,0.2056156188537139,0.814283500466025,250.0,2,ok,
SteelMaterials,RealEstate,sent_SteelMaterials,sent_RealEstate,3,257,0.19713072682142613,0.8982889960060432,247.0,3,ok,
SteelMaterials,RealEstate,sent_SteelMaterials,sent_RealEstate,4,257,0.18980391920879114,0.9435810039808434,244.0,4,ok,
SteelMaterials,RealEstate,sent_SteelMaterials,sent_RealEstate,5,257,0.1755882249417986,0.9715262633562456,241.0,5,ok,
SteelMaterials,Technology,sent_SteelMaterials,sent_Technology,1,257,0.15780590754253335,0.6915195731336916,253.0,1,ok,
SteelMaterials,Technology,sent_SteelMaterials,sent_Technology,2,257,0.3719323093875493,0.6897817263987981,250.0,2,ok,
SteelMaterials,Technology,sent_SteelMaterials,sent_Technology,3,257,0.5084878815729665,0.6767781665930321,247.0,3,ok,
SteelMaterials,Technology,sent_SteelMaterials,sent_Technology,4,257,0.38763009511779384,0.8174040954949404,244.0,4,ok,
SteelMaterials,Technology,sent_SteelMaterials,sent_Technology,5,257,0.35364792199172385,0.8796143372571652,241.0,5,ok,
SteelMaterials,ConsumerStaples,sent_SteelMaterials,sent_ConsumerStaples,1,257,1.2644276552582192,0.2618803721701908,253.0,1,ok,
SteelMaterials,ConsumerStaples,sent_SteelMaterials,sent_ConsumerStaples,2,257,0.8903360202652426,0.41181535245187295,250.0,2,ok,
SteelMaterials,ConsumerStaples,sent_SteelMaterials,sent_ConsumerStaples,3,257,1.2242872755225798,0.3014317327852477,247.0,3,ok,
SteelMaterials,ConsumerStaples,sent_SteelMaterials,sent_ConsumerStaples,4,257,0.9382319076516645,0.4423966197968279,244.0,4,ok,
SteelMaterials,ConsumerStaples,sent_SteelMaterials,sent_ConsumerStaples,5,257,0.7045214130618809,0.6205451095706883,241.0,5,ok,
SteelMaterials,ConsumerDiscretionary,sent_SteelMaterials,sent_ConsumerDiscretionary,1,257,1.8793458633377091,0.17162339451891886,253.0,1,ok,
SteelMaterials,ConsumerDiscretionary,sent_SteelMaterials,sent_ConsumerDiscretionary,2,257,0.9074150716378416,0.40489102729838117,250.0,2,ok,
SteelMaterials,ConsumerDiscretionary,sent_SteelMaterials,sent_ConsumerDiscretionary,3,257,2.3260421588857545,0.07531261335152313,247.0,3,ok,
SteelMaterials,ConsumerDiscretionary,sent_SteelMaterials,sent_ConsumerDiscretionary,4,257,1.9709240081654258,0.09955456661758577,244.0,4,ok,
SteelMaterials,ConsumerDiscretionary,sent_SteelMaterials,sent_ConsumerDiscretionary,5,257,1.6087834937546814,0.15836549614261508,241.0,5,ok,
SteelMaterials,Energy,sent_SteelMaterials,sent_Energy,1,257,0.06263145395592264,0.802587247024744,253.0,1,ok,
SteelMaterials,Energy,sent_SteelMaterials,sent_Energy,2,257,0.3803553654294575,0.6840133419117892,250.0,2,ok,
SteelMaterials,Energy,sent_SteelMaterials,sent_Energy,3,257,0.16052003934213793,0.9228139672119777,247.0,3,ok,
SteelMaterials,Energy,sent_SteelMaterials,sent_Energy,4,257,2.2326785281224217,0.0661108596399925,244.0,4,ok,
SteelMaterials,Energy,sent_SteelMaterials,sent_Energy,5,257,2.0602376913836347,0.07110768008082582,241.0,5,ok,
SteelMaterials,IndustrialLogistics,sent_SteelMaterials,sent_IndustrialLogistics,1,257,0.14024137246142432,0.7083548628322239,253.0,1,ok,
SteelMaterials,IndustrialLogistics,sent_SteelMaterials,sent_IndustrialLogistics,2,257,0.18065499895835574,0.8348321605317711,250.0,2,ok,
SteelMaterials,IndustrialLogistics,sent_SteelMaterials,sent_IndustrialLogistics,3,257,0.07085152189839855,0.9754816545429189,247.0,3,ok,
SteelMaterials,IndustrialLogistics,sent_SteelMaterials,sent_IndustrialLogistics,4,257,0.14679427840214715,0.9642924254338849,244.0,4,ok,
SteelMaterials,IndustrialLogistics,sent_SteelMaterials,sent_IndustrialLogistics,5,257,1.9099296253772615,0.09332677752149501,241.0,5,ok,
SteelMaterials,Healthcare,sent_SteelMaterials,sent_Healthcare,1,257,4.442840455891085,0.03603180455620039,253.0,1,ok,
SteelMaterials,Healthcare,sent_SteelMaterials,sent_Healthcare,2,257,2.36648962422186,0.09590786312830037,250.0,2,ok,
SteelMaterials,Healthcare,sent_SteelMaterials,sent_Healthcare,3,257,1.614420480762277,0.18656132786310753,247.0,3,ok,
SteelMaterials,Healthcare,sent_SteelMaterials,sent_Healthcare,4,257,3.4551280006297587,0.00908216699984279,244.0,4,ok,
SteelMaterials,Healthcare,sent_SteelMaterials,sent_Healthcare,5,257,2.7674634445217863,0.018827848725557702,241.0,5,ok,
SteelMaterials,Utilities,sent_SteelMaterials,sent_Utilities,1,257,0.06393494023785937,0.8005866720621202,253.0,1,ok,
SteelMaterials,Utilities,sent_SteelMaterials,sent_Utilities,2,257,0.09574295111353444,0.9087308684323236,250.0,2,ok,
SteelMaterials,Utilities,sent_SteelMaterials,sent_Utilities,3,257,0.08715646177106434,0.9670345132288458,247.0,3,ok,
SteelMaterials,Utilities,sent_SteelMaterials,sent_Utilities,4,257,0.22239366802131655,0.9257645964229666,244.0,4,ok,
SteelMaterials,Utilities,sent_SteelMaterials,sent_Utilities,5,257,1.4197230020470615,0.2177255555822106,241.0,5,ok,
Technology,Banking,sent_Technology,sent_Banking,1,257,8.279979633388445e-05,0.9927469689741572,253.0,1,ok,
Technology,Banking,sent_Technology,sent_Banking,2,257,0.30913775138520133,0.7343598468977515,250.0,2,ok,
Technology,Banking,sent_Technology,sent_Banking,3,257,0.4015156497241582,0.7520339108217002,247.0,3,ok,
Technology,Banking,sent_Technology,sent_Banking,4,257,0.3310966909746558,0.8569140248472411,244.0,4,ok,
Technology,Banking,sent_Technology,sent_Banking,5,257,0.9925444260698664,0.4229050921284071,241.0,5,ok,
Technology,RealEstate,sent_Technology,sent_RealEstate,1,257,0.8873623832522237,0.3470916768307529,253.0,1,ok,
Technology,RealEstate,sent_Technology,sent_RealEstate,2,257,1.0953406817813798,0.33602508994464014,250.0,2,ok,
Technology,RealEstate,sent_Technology,sent_RealEstate,3,257,0.9862667761846476,0.39984450789409,247.0,3,ok,
Technology,RealEstate,sent_Technology,sent_RealEstate,4,257,0.7716906241754129,0.5445390070255176,244.0,4,ok,
Technology,RealEstate,sent_Technology,sent_RealEstate,5,257,0.7201854892500501,0.6088454504133454,241.0,5,ok,
Technology,SteelMaterials,sent_Technology,sent_SteelMaterials,1,257,0.1784150526858303,0.6730976135559448,253.0,1,ok,
Technology,SteelMaterials,sent_Technology,sent_SteelMaterials,2,257,0.665752399766619,0.514795386664208,250.0,2,ok,
Technology,SteelMaterials,sent_Technology,sent_SteelMaterials,3,257,0.8500595802300345,0.4677080928432339,247.0,3,ok,
Technology,SteelMaterials,sent_Technology,sent_SteelMaterials,4,257,1.0857911869560655,0.364110521517387,244.0,4,ok,
Technology,SteelMaterials,sent_Technology,sent_SteelMaterials,5,257,0.8959064536913639,0.4844553232021812,241.0,5,ok,
Technology,ConsumerStaples,sent_Technology,sent_ConsumerStaples,1,257,0.0006224855101921743,0.9801147842192992,253.0,1,ok,
Technology,ConsumerStaples,sent_Technology,sent_ConsumerStaples,2,257,0.7215116218717349,0.48702623625252134,250.0,2,ok,
Technology,ConsumerStaples,sent_Technology,sent_ConsumerStaples,3,257,0.6480604253430478,0.5848515860057864,247.0,3,ok,
Technology,ConsumerStaples,sent_Technology,sent_ConsumerStaples,4,257,1.1212138811331083,0.34704289554716056,244.0,4,ok,
Technology,ConsumerStaples,sent_Technology,sent_ConsumerStaples,5,257,1.7215478904312747,0.13028109531925305,241.0,5,ok,
Technology,ConsumerDiscretionary,sent_Technology,sent_ConsumerDiscretionary,1,257,0.12907744146840525,0.7196901715127705,253.0,1,ok,
Technology,ConsumerDiscretionary,sent_Technology,sent_ConsumerDiscretionary,2,257,0.08472687703066036,0.9187895558231194,250.0,2,ok,
Technology,ConsumerDiscretionary,sent_Technology,sent_ConsumerDiscretionary,3,257,4.185577201996476,0.006505278158594422,247.0,3,ok,
Technology,ConsumerDiscretionary,sent_Technology,sent_ConsumerDiscretionary,4,257,3.6017993746924866,0.007121986930430284,244.0,4,ok,
Technology,ConsumerDiscretionary,sent_Technology,sent_ConsumerDiscretionary,5,257,2.8127102609976204,0.01725708065405436,241.0,5,ok,
Technology,Energy,sent_Technology,sent_Energy,1,257,0.0026580676130657137,0.9589228024208569,253.0,1,ok,
Technology,Energy,sent_Technology,sent_Energy,2,257,0.619548209622059,0.5390117524557939,250.0,2,ok,
Technology,Energy,sent_Technology,sent_Energy,3,257,0.32597431502826885,0.8065838398985015,247.0,3,ok,
Technology,Energy,sent_Technology,sent_Energy,4,257,0.8295089341880499,0.5074850717993833,244.0,4,ok,
Technology,Energy,sent_Technology,sent_Energy,5,257,0.5593625704217752,0.7311002432579007,241.0,5,ok,
Technology,IndustrialLogistics,sent_Technology,sent_IndustrialLogistics,1,257,4.039706981045617e-05,0.9949337931861362,253.0,1,ok,
Technology,IndustrialLogistics,sent_Technology,sent_IndustrialLogistics,2,257,0.19239366553579348,0.8251040693007058,250.0,2,ok,
Technology,IndustrialLogistics,sent_Technology,sent_IndustrialLogistics,3,257,0.936502397409779,0.42361693426051195,247.0,3,ok,
Technology,IndustrialLogistics,sent_Technology,sent_IndustrialLogistics,4,257,0.7743065095964363,0.5428279465595469,244.0,4,ok,
Technology,IndustrialLogistics,sent_Technology,sent_IndustrialLogistics,5,257,0.5393075676200613,0.7463939828214421,241.0,5,ok,
Technology,Healthcare,sent_Technology,sent_Healthcare,1,257,1.0149307663260383,0.31468700635288305,253.0,1,ok,
Technology,Healthcare,sent_Technology,sent_Healthcare,2,257,0.7043081482683762,0.49542892805033917,250.0,2,ok,
Technology,Healthcare,sent_Technology,sent_Healthcare,3,257,0.6686384306061101,0.5720231065656332,247.0,3,ok,
Technology,Healthcare,sent_Technology,sent_Healthcare,4,257,3.072734172661833,0.017054565302580062,244.0,4,ok,
Technology,Healthcare,sent_Technology,sent_Healthcare,5,257,2.451007460028893,0.034412391328906035,241.0,5,ok,
Technology,Utilities,sent_Technology,sent_Utilities,1,257,2.223775901398303,0.13714608348740603,253.0,1,ok,
Technology,Utilities,sent_Technology,sent_Utilities,2,257,2.0511956995543557,0.13073956880205728,250.0,2,ok,
Technology,Utilities,sent_Technology,sent_Utilities,3,257,1.3535629875963624,0.2576242583510983,247.0,3,ok,
Technology,Utilities,sent_Technology,sent_Utilities,4,257,1.0662636412006092,0.3738024976089838,244.0,4,ok,
Technology,Utilities,sent_Technology,sent_Utilities,5,257,1.2178838124953892,0.30128592440564134,241.0,5,ok,
ConsumerStaples,Banking,sent_ConsumerStaples,sent_Banking,1,257,0.052901790009001894,0.8182745995651147,253.0,1,ok,
ConsumerStaples,Banking,sent_ConsumerStaples,sent_Banking,2,257,0.49273084734680905,0.6115477396736957,250.0,2,ok,
ConsumerStaples,Banking,sent_ConsumerStaples,sent_Banking,3,257,0.5702284152236338,0.6351052591279125,247.0,3,ok,
ConsumerStaples,Banking,sent_ConsumerStaples,sent_Banking,4,257,0.5913555699267976,0.6692059369995147,244.0,4,ok,
ConsumerStaples,Banking,sent_ConsumerStaples,sent_Banking,5,257,0.6285318749370034,0.6781486170263777,241.0,5,ok,
ConsumerStaples,RealEstate,sent_ConsumerStaples,sent_RealEstate,1,257,1.3962612171379705,0.2384600526055541,253.0,1,ok,
ConsumerStaples,RealEstate,sent_ConsumerStaples,sent_RealEstate,2,257,0.7257751993889762,0.4849660835815172,250.0,2,ok,
ConsumerStaples,RealEstate,sent_ConsumerStaples,sent_RealEstate,3,257,1.1855019543852898,0.31583221272515105,247.0,3,ok,
ConsumerStaples,RealEstate,sent_ConsumerStaples,sent_RealEstate,4,257,0.9253260992078207,0.44979814643881344,244.0,4,ok,
ConsumerStaples,RealEstate,sent_ConsumerStaples,sent_RealEstate,5,257,0.8114252372139839,0.5424829321971747,241.0,5,ok,
ConsumerStaples,SteelMaterials,sent_ConsumerStaples,sent_SteelMaterials,1,257,0.054322260221986364,0.8158944439822112,253.0,1,ok,
ConsumerStaples,SteelMaterials,sent_ConsumerStaples,sent_SteelMaterials,2,257,2.111668596701753,0.1231896318972484,250.0,2,ok,
ConsumerStaples,SteelMaterials,sent_ConsumerStaples,sent_SteelMaterials,3,257,1.6356841378658038,0.18166420331429012,247.0,3,ok,
ConsumerStaples,SteelMaterials,sent_ConsumerStaples,sent_SteelMaterials,4,257,1.478220097478609,0.2093642148231991,244.0,4,ok,
ConsumerStaples,SteelMaterials,sent_ConsumerStaples,sent_SteelMaterials,5,257,1.8781860392701661,0.09878191256270676,241.0,5,ok,
ConsumerStaples,Technology,sent_ConsumerStaples,sent_Technology,1,257,0.5247169356880697,0.46950580098149686,253.0,1,ok,
ConsumerStaples,Technology,sent_ConsumerStaples,sent_Technology,2,257,1.0735538575437233,0.34336199385542254,250.0,2,ok,
ConsumerStaples,Technology,sent_ConsumerStaples,sent_Technology,3,257,1.7598545043393887,0.15541159763093543,247.0,3,ok,
ConsumerStaples,Technology,sent_ConsumerStaples,sent_Technology,4,257,1.2529755267941165,0.28921345588411684,244.0,4,ok,
ConsumerStaples,Technology,sent_ConsumerStaples,sent_Technology,5,257,1.19421818372526,0.3126082322642609,241.0,5,ok,
ConsumerStaples,ConsumerDiscretionary,sent_ConsumerStaples,sent_ConsumerDiscretionary,1,257,1.7308974186372754,0.18948727908589472,253.0,1,ok,
ConsumerStaples,ConsumerDiscretionary,sent_ConsumerStaples,sent_ConsumerDiscretionary,2,257,0.9079814002155641,0.4046634430113866,250.0,2,ok,
ConsumerStaples,ConsumerDiscretionary,sent_ConsumerStaples,sent_ConsumerDiscretionary,3,257,0.5357624745782178,0.6581849711293093,247.0,3,ok,
ConsumerStaples,ConsumerDiscretionary,sent_ConsumerStaples,sent_ConsumerDiscretionary,4,257,0.5829151098192973,0.6752991324634801,244.0,4,ok,
ConsumerStaples,ConsumerDiscretionary,sent_ConsumerStaples,sent_ConsumerDiscretionary,5,257,1.1235480380314324,0.34842726493511667,241.0,5,ok,
ConsumerStaples,Energy,sent_ConsumerStaples,sent_Energy,1,257,0.03438871015833671,0.8530310025803923,253.0,1,ok,
ConsumerStaples,Energy,sent_ConsumerStaples,sent_Energy,2,257,1.4761121297925848,0.23050919764236533,250.0,2,ok,
ConsumerStaples,Energy,sent_ConsumerStaples,sent_Energy,3,257,1.1898035516863041,0.31420519402379216,247.0,3,ok,
ConsumerStaples,Energy,sent_ConsumerStaples,sent_Energy,4,257,1.2334577592887959,0.29723163487064214,244.0,4,ok,
ConsumerStaples,Energy,sent_ConsumerStaples,sent_Energy,5,257,0.967961245295678,0.4380440513926007,241.0,5,ok,
ConsumerStaples,IndustrialLogistics,sent_ConsumerStaples,sent_IndustrialLogistics,1,257,0.1792253196482579,0.6723994919514589,253.0,1,ok,
ConsumerStaples,IndustrialLogistics,sent_ConsumerStaples,sent_IndustrialLogistics,2,257,0.09783089439357119,0.9068369342876907,250.0,2,ok,
ConsumerStaples,IndustrialLogistics,sent_ConsumerStaples,sent_IndustrialLogistics,3,257,0.2963774468844547,0.8280021923570388,247.0,3,ok,
ConsumerStaples,IndustrialLogistics,sent_ConsumerStaples,sent_IndustrialLogistics,4,257,0.32643813198559535,0.860085612082048,244.0,4,ok,
ConsumerStaples,IndustrialLogistics,sent_ConsumerStaples,sent_IndustrialLogistics,5,257,0.3185658293681581,0.901558680542236,241.0,5,ok,
ConsumerStaples,Healthcare,sent_ConsumerStaples,sent_Healthcare,1,257,0.38782246492553135,0.5340071450370363,253.0,1,ok,
ConsumerStaples,Healthcare,sent_ConsumerStaples,sent_Healthcare,2,257,0.7348807638826768,0.48059565601867776,250.0,2,ok,
ConsumerStaples,Healthcare,sent_ConsumerStaples,sent_Healthcare,3,257,1.4310265059563714,0.23425505223395032,247.0,3,ok,
ConsumerStaples,Healthcare,sent_ConsumerStaples,sent_Healthcare,4,257,1.023024693528203,0.3959855905452881,244.0,4,ok,
ConsumerStaples,Healthcare,sent_ConsumerStaples,sent_Healthcare,5,257,1.229060518737341,0.29605430120665227,241.0,5,ok,
ConsumerStaples,Utilities,sent_ConsumerStaples,sent_Utilities,1,257,0.08562892174390681,0.7700492579781549,253.0,1,ok,
ConsumerStaples,Utilities,sent_ConsumerStaples,sent_Utilities,2,257,0.04945772283880446,0.9517547040988587,250.0,2,ok,
ConsumerStaples,Utilities,sent_ConsumerStaples,sent_Utilities,3,257,1.1007411214661664,0.34946089324227453,247.0,3,ok,
ConsumerStaples,Utilities,sent_ConsumerStaples,sent_Utilities,4,257,0.6974589683988728,0.5943655554885681,244.0,4,ok,
ConsumerStaples,Utilities,sent_ConsumerStaples,sent_Utilities,5,257,0.8463855146188104,0.5180263474319758,241.0,5,ok,
ConsumerDiscretionary,Banking,sent_ConsumerDiscretionary,sent_Banking,1,257,0.052469047815151625,0.8190063809837204,253.0,1,ok,
ConsumerDiscretionary,Banking,sent_ConsumerDiscretionary,sent_Banking,2,257,0.14036162751670567,0.8691123453264911,250.0,2,ok,
ConsumerDiscretionary,Banking,sent_ConsumerDiscretionary,sent_Banking,3,257,0.12604137039222713,0.9446271935383865,247.0,3,ok,
ConsumerDiscretionary,Banking,sent_ConsumerDiscretionary,sent_Banking,4,257,0.09069017220045096,0.9853187795611433,244.0,4,ok,
ConsumerDiscretionary,Banking,sent_ConsumerDiscretionary,sent_Banking,5,257,0.4693550390400324,0.7989091074606512,241.0,5,ok,
ConsumerDiscretionary,RealEstate,sent_ConsumerDiscretionary,sent_RealEstate,1,257,0.0018257684901905468,0.9659512547369061,253.0,1,ok,
ConsumerDiscretionary,RealEstate,sent_ConsumerDiscretionary,sent_RealEstate,2,257,0.09012941030762994,0.9138425997692794,250.0,2,ok,
ConsumerDiscretionary,RealEstate,sent_ConsumerDiscretionary,sent_RealEstate,3,257,0.6402919760320734,0.5897454951210414,247.0,3,ok,
ConsumerDiscretionary,RealEstate,sent_ConsumerDiscretionary,sent_RealEstate,4,257,0.445778017182708,0.7754283713797276,244.0,4,ok,
ConsumerDiscretionary,RealEstate,sent_ConsumerDiscretionary,sent_RealEstate,5,257,0.38368134165610135,0.8597385975197427,241.0,5,ok,
ConsumerDiscretionary,SteelMaterials,sent_ConsumerDiscretionary,sent_SteelMaterials,1,257,1.4265373479907921,0.2334489319959745,253.0,1,ok,
ConsumerDiscretionary,SteelMaterials,sent_ConsumerDiscretionary,sent_SteelMaterials,2,257,1.0709291218638561,0.34425672708095495,250.0,2,ok,
ConsumerDiscretionary,SteelMaterials,sent_ConsumerDiscretionary,sent_SteelMaterials,3,257,0.7323945584443393,0.5335483252586984,247.0,3,ok,
ConsumerDiscretionary,SteelMaterials,sent_ConsumerDiscretionary,sent_SteelMaterials,4,257,0.9186247086060015,0.4536763742889789,244.0,4,ok,
ConsumerDiscretionary,SteelMaterials,sent_ConsumerDiscretionary,sent_SteelMaterials,5,257,1.5624828313704249,0.17139368565509197,241.0,5,ok,
ConsumerDiscretionary,Technology,sent_ConsumerDiscretionary,sent_Technology,1,257,1.3337176489326066,0.24923451798448204,253.0,1,ok,
ConsumerDiscretionary,Technology,sent_ConsumerDiscretionary,sent_Technology,2,257,1.143983020716311,0.3202094541166041,250.0,2,ok,
ConsumerDiscretionary,Technology,sent_ConsumerDiscretionary,sent_Technology,3,257,1.00790286020515,0.38986811980805525,247.0,3,ok,
ConsumerDiscretionary,Technology,sent_ConsumerDiscretionary,sent_Technology,4,257,1.0117162234321284,0.4019522719222822,244.0,4,ok,
ConsumerDiscretionary,Technology,sent_ConsumerDiscretionary,sent_Technology,5,257,1.4994964664814345,0.19064273340406174,241.0,5,ok,
ConsumerDiscretionary,ConsumerStaples,sent_ConsumerDiscretionary,sent_ConsumerStaples,1,257,0.5522929596845515,0.45807182419555453,253.0,1,ok,
ConsumerDiscretionary,ConsumerStaples,sent_ConsumerDiscretionary,sent_ConsumerStaples,2,257,1.8848013069330174,0.15401078465677867,250.0,2,ok,
ConsumerDiscretionary,ConsumerStaples,sent_ConsumerDiscretionary,sent_ConsumerStaples,3,257,1.2376991998255018,0.29659138578247274,247.0,3,ok,
ConsumerDiscretionary,ConsumerStaples,sent_ConsumerDiscretionary,sent_ConsumerStaples,4,257,1.067252230976066,0.3733069751923547,244.0,4,ok,
ConsumerDiscretionary,ConsumerStaples,sent_ConsumerDiscretionary,sent_ConsumerStaples,5,257,0.9794895555992782,0.43089964206655995,241.0,5,ok,
ConsumerDiscretionary,Energy,sent_ConsumerDiscretionary,sent_Energy,1,257,1.0916614137718754,0.29710063196474984,253.0,1,ok,
ConsumerDiscretionary,Energy,sent_ConsumerDiscretionary,sent_Energy,2,257,1.314795036714622,0.2703795946354596,250.0,2,ok,
ConsumerDiscretionary,Energy,sent_ConsumerDiscretionary,sent_Energy,3,257,1.752773326796746,0.1568062334924375,247.0,3,ok,
ConsumerDiscretionary,Energy,sent_ConsumerDiscretionary,sent_Energy,4,257,1.4019725146188546,0.23389822240983268,244.0,4,ok,
ConsumerDiscretionary,Energy,sent_ConsumerDiscretionary,sent_Energy,5,257,0.9792892309744284,0.4310231123039172,241.0,5,ok,
ConsumerDiscretionary,IndustrialLogistics,sent_ConsumerDiscretionary,sent_IndustrialLogistics,1,257,1.0758389733945,0.30062058583255546,253.0,1,ok,
ConsumerDiscretionary,IndustrialLogistics,sent_ConsumerDiscretionary,sent_IndustrialLogistics,2,257,0.8815433700929088,0.4154265592289056,250.0,2,ok,
ConsumerDiscretionary,IndustrialLogistics,sent_ConsumerDiscretionary,sent_IndustrialLogistics,3,257,0.792589945676907,0.499022709674947,247.0,3,ok,
ConsumerDiscretionary,IndustrialLogistics,sent_ConsumerDiscretionary,sent_IndustrialLogistics,4,257,0.6945425087739069,0.596370491874608,244.0,4,ok,
ConsumerDiscretionary,IndustrialLogistics,sent_ConsumerDiscretionary,sent_IndustrialLogistics,5,257,1.3618488723196005,0.2393950209845822,241.0,5,ok,
ConsumerDiscretionary,Healthcare,sent_ConsumerDiscretionary,sent_Healthcare,1,257,5.129783822056035,0.02436500359304597,253.0,1,ok,
ConsumerDiscretionary,Healthcare,sent_ConsumerDiscretionary,sent_Healthcare,2,257,2.3383465306317577,0.0985940794747405,250.0,2,ok,
ConsumerDiscretionary,Healthcare,sent_ConsumerDiscretionary,sent_Healthcare,3,257,1.6820708093386765,0.17139961215743343,247.0,3,ok,
ConsumerDiscretionary,Healthcare,sent_ConsumerDiscretionary,sent_Healthcare,4,257,1.8094788476333203,0.12758379371888556,244.0,4,ok,
ConsumerDiscretionary,Healthcare,sent_ConsumerDiscretionary,sent_Healthcare,5,257,1.8159423702254318,0.11034655250158368,241.0,5,ok,
ConsumerDiscretionary,Utilities,sent_ConsumerDiscretionary,sent_Utilities,1,257,1.141726071727526,0.2863063337822676,253.0,1,ok,
ConsumerDiscretionary,Utilities,sent_ConsumerDiscretionary,sent_Utilities,2,257,0.5033425475467379,0.6051179719618363,250.0,2,ok,
ConsumerDiscretionary,Utilities,sent_ConsumerDiscretionary,sent_Utilities,3,257,0.5901467103074922,0.621991459614495,247.0,3,ok,
ConsumerDiscretionary,Utilities,sent_ConsumerDiscretionary,sent_Utilities,4,257,0.45236501683019575,0.7706243624126963,244.0,4,ok,
ConsumerDiscretionary,Utilities,sent_ConsumerDiscretionary,sent_Utilities,5,257,0.6154467718999341,0.6881591422018314,241.0,5,ok,
Energy,Banking,sent_Energy,sent_Banking,1,257,0.9706462281244899,0.3254603040131844,253.0,1,ok,
Energy,Banking,sent_Energy,sent_Banking,2,257,0.5352158864077486,0.5862122682437182,250.0,2,ok,
Energy,Banking,sent_Energy,sent_Banking,3,257,0.42741249245059215,0.7335297075936831,247.0,3,ok,
Energy,Banking,sent_Energy,sent_Banking,4,257,0.5067286001230031,0.7308309072151717,244.0,4,ok,
Energy,Banking,sent_Energy,sent_Banking,5,257,0.5398640955516107,0.7459705034771207,241.0,5,ok,
Energy,RealEstate,sent_Energy,sent_RealEstate,1,257,2.7171259126229304,0.10051784258894443,253.0,1,ok,
Energy,RealEstate,sent_Energy,sent_RealEstate,2,257,1.6365475509819223,0.19672922307832236,250.0,2,ok,
Energy,RealEstate,sent_Energy,sent_RealEstate,3,257,1.315841387788891,0.2697645940118684,247.0,3,ok,
Energy,RealEstate,sent_Energy,sent_RealEstate,4,257,3.2766737436127578,0.01219605123459732,244.0,4,ok,
Energy,RealEstate,sent_Energy,sent_RealEstate,5,257,2.6050367222320943,0.02569558082161496,241.0,5,ok,
Energy,SteelMaterials,sent_Energy,sent_SteelMaterials,1,257,1.6553412296643055,0.1994095422643887,253.0,1,ok,
Energy,SteelMaterials,sent_Energy,sent_SteelMaterials,2,257,2.27362917497642,0.10506259311327898,250.0,2,ok,
Energy,SteelMaterials,sent_Energy,sent_SteelMaterials,3,257,1.6553148467534686,0.17725120649689874,247.0,3,ok,
Energy,SteelMaterials,sent_Energy,sent_SteelMaterials,4,257,1.2579556272992396,0.287197226594914,244.0,4,ok,
Energy,SteelMaterials,sent_Energy,sent_SteelMaterials,5,257,1.1453780807766105,0.3370388695847632,241.0,5,ok,
Energy,Technology,sent_Energy,sent_Technology,1,257,1.3034436860750618,0.25466455839286023,253.0,1,ok,
Energy,Technology,sent_Energy,sent_Technology,2,257,2.2400153663998235,0.1085894205156084,250.0,2,ok,
Energy,Technology,sent_Energy,sent_Technology,3,257,1.6596062330316135,0.1763001019179726,247.0,3,ok,
Energy,Technology,sent_Energy,sent_Technology,4,257,1.2601982451744493,0.286293201614528,244.0,4,ok,
Energy,Technology,sent_Energy,sent_Technology,5,257,1.3875884019439333,0.22954030833972078,241.0,5,ok,
Energy,ConsumerStaples,sent_Energy,sent_ConsumerStaples,1,257,0.12570136702468068,0.7232266585905733,253.0,1,ok,
Energy,ConsumerStaples,sent_Energy,sent_ConsumerStaples,2,257,2.1061071324848064,0.1238652255495326,250.0,2,ok,
Energy,ConsumerStaples,sent_Energy,sent_ConsumerStaples,3,257,1.3615497441648603,0.25511903252334145,247.0,3,ok,
Energy,ConsumerStaples,sent_Energy,sent_ConsumerStaples,4,257,2.061996784895465,0.08641807997122199,244.0,4,ok,
Energy,ConsumerStaples,sent_Energy,sent_ConsumerStaples,5,257,1.628107152221915,0.15319564436985486,241.0,5,ok,
Energy,ConsumerDiscretionary,sent_Energy,sent_ConsumerDiscretionary,1,257,0.4223610178442108,0.516350927944753,253.0,1,ok,
Energy,ConsumerDiscretionary,sent_Energy,sent_ConsumerDiscretionary,2,257,1.8588301648224324,0.15800246033029172,250.0,2,ok,
Energy,ConsumerDiscretionary,sent_Energy,sent_ConsumerDiscretionary,3,257,1.1431526711127193,0.33225663595245786,247.0,3,ok,
Energy,ConsumerDiscretionary,sent_Energy,sent_ConsumerDiscretionary,4,257,0.8536900076688219,0.4924789034114614,244.0,4,ok,
Energy,ConsumerDiscretionary,sent_Energy,sent_ConsumerDiscretionary,5,257,1.1171196668003889,0.3518363940738515,241.0,5,ok,
Energy,IndustrialLogistics,sent_Energy,sent_IndustrialLogistics,1,257,0.4919597038224581,0.48369908004377615,253.0,1,ok,
Energy,IndustrialLogistics,sent_Energy,sent_IndustrialLogistics,2,257,4.905664394222184,0.008132809007538967,250.0,2,ok,
Energy,IndustrialLogistics,sent_Energy,sent_IndustrialLogistics,3,257,4.2341837056422005,0.006098229826191389,247.0,3,ok,
Energy,IndustrialLogistics,sent_Energy,sent_IndustrialLogistics,4,257,3.5779465017349676,0.00740956944805771,244.0,4,ok,
Energy,IndustrialLogistics,sent_Energy,sent_IndustrialLogistics,5,257,3.303999911550471,0.006627443387700078,241.0,5,ok,
Energy,Healthcare,sent_Energy,sent_Healthcare,1,257,0.514125237508163,0.4740199330110572,253.0,1,ok,
Energy,Healthcare,sent_Energy,sent_Healthcare,2,257,3.0408510883314666,0.049565854311698875,250.0,2,ok,
Energy,Healthcare,sent_Energy,sent_Healthcare,3,257,2.2288970747575294,0.08538299969057668,247.0,3,ok,
Energy,Healthcare,sent_Energy,sent_Healthcare,4,257,1.6097160885781707,0.1724241322004406,244.0,4,ok,
Energy,Healthcare,sent_Energy,sent_Healthcare,5,257,1.3543627669903782,0.242327734782532,241.0,5,ok,
Energy,Utilities,sent_Energy,sent_Utilities,1,257,0.07032396990534814,0.7910816010098125,253.0,1,ok,
Energy,Utilities,sent_Energy,sent_Utilities,2,257,0.2951086882542776,0.7447096418786543,250.0,2,ok,
Energy,Utilities,sent_Energy,sent_Utilities,3,257,1.5315085322835333,0.20686964602049535,247.0,3,ok,
Energy,Utilities,sent_Energy,sent_Utilities,4,257,0.9611453834610744,0.42947480583459785,244.0,4,ok,
Energy,Utilities,sent_Energy,sent_Utilities,5,257,1.289564434291882,0.26899961627428964,241.0,5,ok,
IndustrialLogistics,Banking,sent_IndustrialLogistics,sent_Banking,1,257,0.22028522119895,0.639226901958481,253.0,1,ok,
IndustrialLogistics,Banking,sent_IndustrialLogistics,sent_Banking,2,257,0.5103326388593942,0.6009198538338111,250.0,2,ok,
IndustrialLogistics,Banking,sent_IndustrialLogistics,sent_Banking,3,257,0.5042052290419172,0.6797226163091679,247.0,3,ok,
IndustrialLogistics,Banking,sent_IndustrialLogistics,sent_Banking,4,257,0.8066932581562236,0.5219127101341231,244.0,4,ok,
IndustrialLogistics,Banking,sent_IndustrialLogistics,sent_Banking,5,257,0.90760005580096,0.4767219961228589,241.0,5,ok,
IndustrialLogistics,RealEstate,sent_IndustrialLogistics,sent_RealEstate,1,257,0.8800286921269604,0.3490884976337988,253.0,1,ok,
IndustrialLogistics,RealEstate,sent_IndustrialLogistics,sent_RealEstate,2,257,0.5296571320267759,0.5894660539390076,250.0,2,ok,
IndustrialLogistics,RealEstate,sent_IndustrialLogistics,sent_RealEstate,3,257,0.49493368589359943,0.6861193250262306,247.0,3,ok,
IndustrialLogistics,RealEstate,sent_IndustrialLogistics,sent_RealEstate,4,257,1.0910494987443808,0.3615351952737995,244.0,4,ok,
IndustrialLogistics,RealEstate,sent_IndustrialLogistics,sent_RealEstate,5,257,0.9142404266806415,0.47236457722768943,241.0,5,ok,
IndustrialLogistics,SteelMaterials,sent_IndustrialLogistics,sent_SteelMaterials,1,257,0.9125602117759705,0.3403478931502929,253.0,1,ok,
IndustrialLogistics,SteelMaterials,sent_IndustrialLogistics,sent_SteelMaterials,2,257,0.6129628080179855,0.5425555461647841,250.0,2,ok,
IndustrialLogistics,SteelMaterials,sent_IndustrialLogistics,sent_SteelMaterials,3,257,0.7561172933104262,0.5197315189297553,247.0,3,ok,
IndustrialLogistics,SteelMaterials,sent_IndustrialLogistics,sent_SteelMaterials,4,257,0.5788116453779871,0.6782670559493188,244.0,4,ok,
IndustrialLogistics,SteelMaterials,sent_IndustrialLogistics,sent_SteelMaterials,5,257,0.48590386443624445,0.7866467274363897,241.0,5,ok,
IndustrialLogistics,Technology,sent_IndustrialLogistics,sent_Technology,1,257,1.2099525755857583,0.2723870427258971,253.0,1,ok,
IndustrialLogistics,Technology,sent_IndustrialLogistics,sent_Technology,2,257,2.093848353318171,0.12536761237644445,250.0,2,ok,
IndustrialLogistics,Technology,sent_IndustrialLogistics,sent_Technology,3,257,1.9525504252658403,0.12170645257217196,247.0,3,ok,
IndustrialLogistics,Technology,sent_IndustrialLogistics,sent_Technology,4,257,1.8635532018965306,0.11746136396542059,244.0,4,ok,
IndustrialLogistics,Technology,sent_IndustrialLogistics,sent_Technology,5,257,1.4082608139879291,0.22187842295976262,241.0,5,ok,
IndustrialLogistics,ConsumerStaples,sent_IndustrialLogistics,sent_ConsumerStaples,1,257,0.09123537821420882,0.7628606152761034,253.0,1,ok,
IndustrialLogistics,ConsumerStaples,sent_IndustrialLogistics,sent_ConsumerStaples,2,257,0.5350269992498717,0.5863225345795544,250.0,2,ok,
IndustrialLogistics,ConsumerStaples,sent_IndustrialLogistics,sent_ConsumerStaples,3,257,0.4438975761143126,0.7218329944985447,247.0,3,ok,
IndustrialLogistics,ConsumerStaples,sent_IndustrialLogistics,sent_ConsumerStaples,4,257,0.482925750037001,0.7482714982237095,244.0,4,ok,
IndustrialLogistics,ConsumerStaples,sent_IndustrialLogistics,sent_ConsumerStaples,5,257,0.2801054334308788,0.9237501818673444,241.0,5,ok,
IndustrialLogistics,ConsumerDiscretionary,sent_IndustrialLogistics,sent_ConsumerDiscretionary,1,257,0.06883179023255123,0.7932588430501682,253.0,1,ok,
IndustrialLogistics,ConsumerDiscretionary,sent_IndustrialLogistics,sent_ConsumerDiscretionary,2,257,0.1659573656651123,0.8471755916773993,250.0,2,ok,
IndustrialLogistics,ConsumerDiscretionary,sent_IndustrialLogistics,sent_ConsumerDiscretionary,3,257,1.061053996515955,0.3662648480454721,247.0,3,ok,
IndustrialLogistics,ConsumerDiscretionary,sent_IndustrialLogistics,sent_ConsumerDiscretionary,4,257,1.6059448098704676,0.17339527015155384,244.0,4,ok,
IndustrialLogistics,ConsumerDiscretionary,sent_IndustrialLogistics,sent_ConsumerDiscretionary,5,257,1.6681143615038982,0.14297206070226468,241.0,5,ok,
IndustrialLogistics,Energy,sent_IndustrialLogistics,sent_Energy,1,257,1.1652552871213089,0.2814063121326111,253.0,1,ok,
IndustrialLogistics,Energy,sent_IndustrialLogistics,sent_Energy,2,257,0.8309584006503083,0.43683111945402076,250.0,2,ok,
IndustrialLogistics,Energy,sent_IndustrialLogistics,sent_Energy,3,257,0.2799481856993807,0.8398502034591616,247.0,3,ok,
IndustrialLogistics,Energy,sent_IndustrialLogistics,sent_Energy,4,257,3.400386126911811,0.009943007213128293,244.0,4,ok,
IndustrialLogistics,Energy,sent_IndustrialLogistics,sent_Energy,5,257,2.7927679002902903,0.017932999346532936,241.0,5,ok,
IndustrialLogistics,Healthcare,sent_IndustrialLogistics,sent_Healthcare,1,257,1.2872839114145596,0.2576229078468612,253.0,1,ok,
IndustrialLogistics,Healthcare,sent_IndustrialLogistics,sent_Healthcare,2,257,1.349535566985042,0.26124343768903535,250.0,2,ok,
IndustrialLogistics,Healthcare,sent_IndustrialLogistics,sent_Healthcare,3,257,1.5091016850102916,0.21270392337051916,247.0,3,ok,
IndustrialLogistics,Healthcare,sent_IndustrialLogistics,sent_Healthcare,4,257,0.900863111731995,0.4640704766936381,244.0,4,ok,
IndustrialLogistics,Healthcare,sent_IndustrialLogistics,sent_Healthcare,5,257,0.9431271753621072,0.45370137667392785,241.0,5,ok,
IndustrialLogistics,Utilities,sent_IndustrialLogistics,sent_Utilities,1,257,0.6561692481065516,0.4186768488269523,253.0,1,ok,
IndustrialLogistics,Utilities,sent_IndustrialLogistics,sent_Utilities,2,257,0.31934404737791605,0.7269214759699703,250.0,2,ok,
IndustrialLogistics,Utilities,sent_IndustrialLogistics,sent_Utilities,3,257,1.6637065929189014,0.17539584941917247,247.0,3,ok,
IndustrialLogistics,Utilities,sent_IndustrialLogistics,sent_Utilities,4,257,1.9304179038033653,0.10598470640228358,244.0,4,ok,
IndustrialLogistics,Utilities,sent_IndustrialLogistics,sent_Utilities,5,257,1.639632037487863,0.15018499513785805,241.0,5,ok,
Healthcare,Banking,sent_Healthcare,sent_Banking,1,257,0.5914365757519804,0.442581478366769,253.0,1,ok,
Healthcare,Banking,sent_Healthcare,sent_Banking,2,257,0.4282583829195903,0.6521201640942752,250.0,2,ok,
Healthcare,Banking,sent_Healthcare,sent_Banking,3,257,0.42216320749956077,0.7372684580823954,247.0,3,ok,
Healthcare,Banking,sent_Healthcare,sent_Banking,4,257,0.7228308727120799,0.577068501998829,244.0,4,ok,
Healthcare,Banking,sent_Healthcare,sent_Banking,5,257,0.7469812220243979,0.5890181392083966,241.0,5,ok,
Healthcare,RealEstate,sent_Healthcare,sent_RealEstate,1,257,0.0029189023040809892,0.9569563959823433,253.0,1,ok,
Healthcare,RealEstate,sent_Healthcare,sent_RealEstate,2,257,1.9766866767830984,0.14068662864267942,250.0,2,ok,
Healthcare,RealEstate,sent_Healthcare,sent_RealEstate,3,257,1.9390953421476673,0.12381163458578028,247.0,3,ok,
Healthcare,RealEstate,sent_Healthcare,sent_RealEstate,4,257,2.86959670436509,0.023769238972335745,244.0,4,ok,
Healthcare,RealEstate,sent_Healthcare,sent_RealEstate,5,257,2.404418327175378,0.037568555358490116,241.0,5,ok,
Healthcare,SteelMaterials,sent_Healthcare,sent_SteelMaterials,1,257,0.11210550775130644,0.738037082737164,253.0,1,ok,
Healthcare,SteelMaterials,sent_Healthcare,sent_SteelMaterials,2,257,0.24847442087949986,0.7801822057136836,250.0,2,ok,
Healthcare,SteelMaterials,sent_Healthcare,sent_SteelMaterials,3,257,0.562339496625436,0.6403453284371322,247.0,3,ok,
Healthcare,SteelMaterials,sent_Healthcare,sent_SteelMaterials,4,257,0.41291405736756964,0.7992690184204726,244.0,4,ok,
Healthcare,SteelMaterials,sent_Healthcare,sent_SteelMaterials,5,257,0.555248891014449,0.7342422447890249,241.0,5,ok,
Healthcare,Technology,sent_Healthcare,sent_Technology,1,257,0.19194941419474293,0.6616728977301357,253.0,1,ok,
Healthcare,Technology,sent_Healthcare,sent_Technology,2,257,0.5298374673649188,0.5893602104850614,250.0,2,ok,
Healthcare,Technology,sent_Healthcare,sent_Technology,3,257,0.30078221893407353,0.8248191300474934,247.0,3,ok,
Healthcare,Technology,sent_Healthcare,sent_Technology,4,257,0.38524016382503334,0.8191062026592947,244.0,4,ok,
Healthcare,Technology,sent_Healthcare,sent_Technology,5,257,0.6450668729422798,0.6655243706748647,241.0,5,ok,
Healthcare,ConsumerStaples,sent_Healthcare,sent_ConsumerStaples,1,257,0.756302248887139,0.3853125174508696,253.0,1,ok,
Healthcare,ConsumerStaples,sent_Healthcare,sent_ConsumerStaples,2,257,2.9479667278607624,0.054272275969325386,250.0,2,ok,
Healthcare,ConsumerStaples,sent_Healthcare,sent_ConsumerStaples,3,257,1.8357050775960857,0.1411963409112344,247.0,3,ok,
Healthcare,ConsumerStaples,sent_Healthcare,sent_ConsumerStaples,4,257,1.3488291771637517,0.2524670048687729,244.0,4,ok,
Healthcare,ConsumerStaples,sent_Healthcare,sent_ConsumerStaples,5,257,0.8562934624236104,0.5112061303158222,241.0,5,ok,
Healthcare,ConsumerDiscretionary,sent_Healthcare,sent_ConsumerDiscretionary,1,257,0.04612833555104794,0.8301156987781497,253.0,1,ok,
Healthcare,ConsumerDiscretionary,sent_Healthcare,sent_ConsumerDiscretionary,2,257,0.5146069668326142,0.5983672495579142,250.0,2,ok,
Healthcare,ConsumerDiscretionary,sent_Healthcare,sent_ConsumerDiscretionary,3,257,0.8284175619231167,0.47931174274460475,247.0,3,ok,
Healthcare,ConsumerDiscretionary,sent_Healthcare,sent_ConsumerDiscretionary,4,257,0.5345662213773122,0.7104586921278744,244.0,4,ok,
Healthcare,ConsumerDiscretionary,sent_Healthcare,sent_ConsumerDiscretionary,5,257,0.41679154944852537,0.8368573020537319,241.0,5,ok,
Healthcare,Energy,sent_Healthcare,sent_Energy,1,257,0.04055156824016249,0.8405677955065037,253.0,1,ok,
Healthcare,Energy,sent_Healthcare,sent_Energy,2,257,0.05293434227364421,0.9484529103715472,250.0,2,ok,
Healthcare,Energy,sent_Healthcare,sent_Energy,3,257,0.19477263700100825,0.8999014700550602,247.0,3,ok,
Healthcare,Energy,sent_Healthcare,sent_Energy,4,257,0.49779100111935565,0.7373796103184727,244.0,4,ok,
Healthcare,Energy,sent_Healthcare,sent_Energy,5,257,0.3301207679979911,0.8944966044115376,241.0,5,ok,
Healthcare,IndustrialLogistics,sent_Healthcare,sent_IndustrialLogistics,1,257,0.5112208478735798,0.47527008757532047,253.0,1,ok,
Healthcare,IndustrialLogistics,sent_Healthcare,sent_IndustrialLogistics,2,257,2.1586666472819567,0.11762671135832774,250.0,2,ok,
Healthcare,IndustrialLogistics,sent_Healthcare,sent_IndustrialLogistics,3,257,2.5821499487956445,0.05399983074200061,247.0,3,ok,
Healthcare,IndustrialLogistics,sent_Healthcare,sent_IndustrialLogistics,4,257,1.9818446983075497,0.09788504214342161,244.0,4,ok,
Healthcare,IndustrialLogistics,sent_Healthcare,sent_IndustrialLogistics,5,257,1.704066414785274,0.13431566140226642,241.0,5,ok,
Healthcare,Utilities,sent_Healthcare,sent_Utilities,1,257,0.025904400612285234,0.8722624517659526,253.0,1,ok,
Healthcare,Utilities,sent_Healthcare,sent_Utilities,2,257,0.22964440677444936,0.7949836595490735,250.0,2,ok,
Healthcare,Utilities,sent_Healthcare,sent_Utilities,3,257,0.2745004125020899,0.8437681313342683,247.0,3,ok,
Healthcare,Utilities,sent_Healthcare,sent_Utilities,4,257,0.29355394690107556,0.882003243331646,244.0,4,ok,
Healthcare,Utilities,sent_Healthcare,sent_Utilities,5,257,0.4812510852141477,0.790106788009671,241.0,5,ok,
Utilities,Banking,sent_Utilities,sent_Banking,1,257,0.492341544017771,0.48352959701395715,253.0,1,ok,
Utilities,Banking,sent_Utilities,sent_Banking,2,257,0.2782423736752407,0.7573474430606121,250.0,2,ok,
Utilities,Banking,sent_Utilities,sent_Banking,3,257,0.16431928446834615,0.9203254946373213,247.0,3,ok,
Utilities,Banking,sent_Utilities,sent_Banking,4,257,1.2003645427350658,0.31125556639550145,244.0,4,ok,
Utilities,Banking,sent_Utilities,sent_Banking,5,257,1.071456948437818,0.37678233879692485,241.0,5,ok,
Utilities,RealEstate,sent_Utilities,sent_RealEstate,1,257,0.6349334407474436,0.42629856659180304,253.0,1,ok,
Utilities,RealEstate,sent_Utilities,sent_RealEstate,2,257,1.2969803875903434,0.27518878130464797,250.0,2,ok,
Utilities,RealEstate,sent_Utilities,sent_RealEstate,3,257,1.016664054209985,0.3858894405152655,247.0,3,ok,
Utilities,RealEstate,sent_Utilities,sent_RealEstate,4,257,1.2966589773664154,0.2719330254025382,244.0,4,ok,
Utilities,RealEstate,sent_Utilities,sent_RealEstate,5,257,1.2476396245004457,0.2875204248235212,241.0,5,ok,
Utilities,SteelMaterials,sent_Utilities,sent_SteelMaterials,1,257,9.035225500041158e-07,0.9992423295488774,253.0,1,ok,
Utilities,SteelMaterials,sent_Utilities,sent_SteelMaterials,2,257,1.8387040078786303,0.16116737663292077,250.0,2,ok,
Utilities,SteelMaterials,sent_Utilities,sent_SteelMaterials,3,257,5.212670020246954,0.001658608209256832,247.0,3,ok,
Utilities,SteelMaterials,sent_Utilities,sent_SteelMaterials,4,257,3.881359316819949,0.004472991702065467,244.0,4,ok,
Utilities,SteelMaterials,sent_Utilities,sent_SteelMaterials,5,257,3.3896661762657114,0.005599134737569216,241.0,5,ok,
Utilities,Technology,sent_Utilities,sent_Technology,1,257,0.11187115874784592,0.7383009278369126,253.0,1,ok,
Utilities,Technology,sent_Utilities,sent_Technology,2,257,2.224379546359858,0.1102703950799763,250.0,2,ok,
Utilities,Technology,sent_Utilities,sent_Technology,3,257,2.0315904313510202,0.11001888332909845,247.0,3,ok,
Utilities,Technology,sent_Utilities,sent_Technology,4,257,1.5668239607624441,0.18376718391456395,244.0,4,ok,
Utilities,Technology,sent_Utilities,sent_Technology,5,257,1.2449834338951897,0.288728098439679,241.0,5,ok,
Utilities,ConsumerStaples,sent_Utilities,sent_ConsumerStaples,1,257,1.665224366359462,0.19807750071201446,253.0,1,ok,
Utilities,ConsumerStaples,sent_Utilities,sent_ConsumerStaples,2,257,2.018092042395629,0.13506832673428237,250.0,2,ok,
Utilities,ConsumerStaples,sent_Utilities,sent_ConsumerStaples,3,257,1.3129427787789418,0.2707188275671246,247.0,3,ok,
Utilities,ConsumerStaples,sent_Utilities,sent_ConsumerStaples,4,257,0.9306553181405356,0.44673106582534583,244.0,4,ok,
Utilities,ConsumerStaples,sent_Utilities,sent_ConsumerStaples,5,257,2.1133396688655006,0.06452571416863931,241.0,5,ok,
Utilities,ConsumerDiscretionary,sent_Utilities,sent_ConsumerDiscretionary,1,257,2.8535567024896284,0.09240395880798141,253.0,1,ok,
Utilities,ConsumerDiscretionary,sent_Utilities,sent_ConsumerDiscretionary,2,257,1.5359772006439616,0.2172694702908558,250.0,2,ok,
Utilities,ConsumerDiscretionary,sent_Utilities,sent_ConsumerDiscretionary,3,257,1.0678826816239748,0.36332416614291213,247.0,3,ok,
Utilities,ConsumerDiscretionary,sent_Utilities,sent_ConsumerDiscretionary,4,257,0.7500973168442764,0.5587837542175391,244.0,4,ok,
Utilities,ConsumerDiscretionary,sent_Utilities,sent_ConsumerDiscretionary,5,257,0.6393194582542352,0.6699085141078307,241.0,5,ok,
Utilities,Energy,sent_Utilities,sent_Energy,1,257,0.9494914600665078,0.33077950807810025,253.0,1,ok,
Utilities,Energy,sent_Utilities,sent_Energy,2,257,0.5696151703353665,0.5664756096334367,250.0,2,ok,
Utilities,Energy,sent_Utilities,sent_Energy,3,257,0.6408119818447031,0.5894170396742006,247.0,3,ok,
Utilities,Energy,sent_Utilities,sent_Energy,4,257,0.6934500769633526,0.5971223506772034,244.0,4,ok,
Utilities,Energy,sent_Utilities,sent_Energy,5,257,0.898918591945581,0.48245603865221565,241.0,5,ok,
Utilities,IndustrialLogistics,sent_Utilities,sent_IndustrialLogistics,1,257,0.70931680916341,0.40046613240203777,253.0,1,ok,
Utilities,IndustrialLogistics,sent_Utilities,sent_IndustrialLogistics,2,257,0.5027348627748478,0.6054843299046364,250.0,2,ok,
Utilities,IndustrialLogistics,sent_Utilities,sent_IndustrialLogistics,3,257,0.3818075478293702,0.7662033828340036,247.0,3,ok,
Utilities,IndustrialLogistics,sent_Utilities,sent_IndustrialLogistics,4,257,0.25451310959434437,0.9067348152225182,244.0,4,ok,
Utilities,IndustrialLogistics,sent_Utilities,sent_IndustrialLogistics,5,257,0.9309604395051082,0.4615036602651733,241.0,5,ok,
Utilities,Healthcare,sent_Utilities,sent_Healthcare,1,257,0.22537009215743314,0.6353878121720472,253.0,1,ok,
Utilities,Healthcare,sent_Utilities,sent_Healthcare,2,257,0.31446790476038927,0.7304656973392152,250.0,2,ok,
Utilities,Healthcare,sent_Utilities,sent_Healthcare,3,257,0.7320944196523104,0.5337248815927027,247.0,3,ok,
Utilities,Healthcare,sent_Utilities,sent_Healthcare,4,257,0.6828378595638983,0.6044501808888592,244.0,4,ok,
Utilities,Healthcare,sent_Utilities,sent_Healthcare,5,257,0.578189128540576,0.7166981588998735,241.0,5,ok,
